{"cameraMode":{"drawMode":0,"name":"Shaded","section":"Shading Mode"},"sceneLighting":false,"audioPlay":false,"sceneViewState":{"showFog":true,"showMaterialUpdate":true,"showSkybox":true,"showFlares":true,"showImageEffects":true,"showParticleSystems":true},"in2DMode":false,"pivot":{"x":6.129988193511963,"y":27.026643753051759,"z":-15.684033393859864},"rotation":{"x":-0.4265844225883484,"y":-0.0038263071328401567,"z":0.001809684676118195,"w":-0.904457151889801},"size":4.109863758087158,"orthographic":false}