{"cameraMode":{"drawMode":0,"name":"Shaded","section":"Shading Mode"},"sceneLighting":false,"audioPlay":false,"sceneViewState":{"showFog":true,"showMaterialUpdate":true,"showSkybox":true,"showFlares":true,"showImageEffects":true,"showParticleSystems":true},"in2DMode":false,"pivot":{"x":1.468389630317688,"y":-47.5394172668457,"z":-93.81236267089844},"rotation":{"x":0.0008390420116484165,"y":0.9845807552337647,"z":-0.17490415275096894,"w":0.004727328661829233},"size":163.7115936279297,"orthographic":false}